Workbook

Sheet Executive Summary
A1: Burlington / Winooski / Essex Photo Booth Prospect Master List
A3: Objective: prioritize hospitality, tourism and entertainment locations where an Apple Industries photo booth can add to the guest experience, build the venue's brand through printed/social photos, and generate meaningful revenue-share usage.
A6: Working KPI | B6: Value | C6: Meaning | D6: Use | F6: Suggested Scouting Clusters
A7: Total Prospects | B7: 16 | C7: Current Burlington-area master list | D7: Keep adding strong user-discovered prospects | F7: Cluster | G7: Core Stops | H7: What to Watch For | I7: Best Daypart | J7: Priority
A8: A+ / A Targets | B8: =COUNTIF('Master Prospects'!$B$2:$B$17,"A+")+COUNTIF('Master Prospects'!$B$2:$B$17,"A") -> 12 | C8: Highest-priority outreach group | D8: Email before the Burlington scouting day | F8: Downtown / Church St | G8: Rí Rá, Farmhouse, Archives, Hotel Vermont, Harborvale | H8: Waitlists, bar traffic, group behavior, visible wall space | I8: Late afternoon + evening | J8: Highest
A9: Named Contacts | B9: 13 | C9: Rows with a specific person identified | D9: Best chance of a productive advance conversation | F9: Waterfront | G9: ECHO, Foam, Spirit of Ethan Allen | H9: Tourist flow, entry/exit dwell, souvenir behavior | I9: Weekend midday + early evening | J9: High
A10: Research Date | B10: September 10, 2026 | C10: Contact and venue details can change | D10: Re-verify before major outreach | F10: South End / South Burlington | G10: Burlington Beer Co., Higher Ground | H10: Group/event traffic and pre-function space | I10: Event night / dinner | J10: High
F11: Winooski | G11: Waterworks, Monkey House, Four Quarters | H11: Nightlife density, event traffic, footprint | I11: Dinner through late night | J11: High
A12: Rank | B12: Top Prospect | C12: Score | D12: Why It Ranks High | F12: Essex | G12: Black Flannel, The Double E | H12: Destination traffic, events, ability to cross-sell multiple uses | I12: Fri/Sat evening | J12: Medium-High
A13: 1 | B13: Rí Rá Irish Pub | C13: 97.5 | D13: Closest local match to the Toast-style behavior: busy, social, group-oriented and active late into the evening.
A14: 2 | B14: ECHO, Leahy Center for Lake Champlain | C14: 95 | D14: One of the strongest family-tourism opportunities in Burlington, with a natural souvenir and social-sharing use case.
A15: 3 | B15: Burlington Beer Co. | C15: 94.5 | D15: Large, flexible brewpub with groups, families, events and enough physical space to support a permanent booth.
A16: 4 | B16: The Archives | C16: 94 | D16: Behavioral fit is nearly perfect: the venue already sells interaction, cocktails and shared experiences.
A17: 5 | B17: Higher Ground | C17: 94 | D17: Concert crowds arrive in groups, are highly social and are already purchasing an experience rather than simply food or drink.
A18: 6 | B18: Foam Brewers - Burlington | C18: 93 | D18: Strong waterfront tourism, music and social culture with customers who linger and document the experience.
A19: 7 | B19: Black Flannel Brewing & Distilling | C19: 93 | D19: Best Essex hospitality target: high-volume upscale brewpub plus distillery, events and strong experiential branding.
A20: 8 | B20: Waterworks Food + Drink | C20: 92.5 | D20: Large, dramatic restaurant and event space with celebrations, private events, bar traffic and substantial group business.
A21: 9 | B21: The Harborvale, Autograph Collection | C21: 92 | D21: New upscale hotel with a social Great Room, lake-oriented brand, restaurant/bar and event business.
A22: 10 | B22: Farmhouse Tap & Grill | C22: 91.5 | D22: High-volume downtown restaurant with a beer garden, bar spaces and waiting traffic, all helpful booth behaviors.

Sheet Master Prospects
A1: Rank | B1: Tier | C1: Venue | D1: Area | E1: Category | F1: Overall Score | G1: Address | H1: Fit Summary | I1: Why It Works | J1: Best Outreach Angle | K1: Potential Placement | L1: Key Risks / Questions | M1: Best Contact | N1: Role | O1: Email / Contact Route | P1: Phone | Q1: Traffic | R1: Social / Photo | S1: Group / Dwell | T1: Brand Fit | U1: Placement Feasibility | V1: Year-Round | W1: Contactability | X1: Research Confidence | Y1: Best Scouting Window | Z1: Primary Source URL | AA1: Contact Source URL | AB1: Outreach Status | AC1: Visit Status | AD1: Notes
A2: =_xludf.RANK.EQ(F2,$F$2:$F$17,0)+COUNTIF($F$2:F2,F2)-1 -> #NAME? | B2: =IF(F2>=95,"A+",IF(F2>=90,"A",IF(F2>=85,"A-",IF(F2>=80,"B+","B")))) -> A+ | C2: Rí Rá Irish Pub | D2: Burlington | E2: High-Traffic Bar / Restaurant | F2: =ROUND((Q2*'Scoring Guide'!$B$4+R2*'Scoring Guide'!$B$5+S2*'Scoring Guide'!$B$6+T2*'Scoring Guide'!$B$7+U2*'Scoring Guide'!$B$8+V2*'Scoring Guide'!$B$9+W2*'Scoring Guide'!$B$10)/5*100,1) -> 97.5 | G2: 123 Church St, Burlington, VT 05401 | H2: Closest local match to the Toast-style behavior: busy, social, group-oriented and active late into the evening. | I2: Church Street tourist traffic, local and college crowds, sports viewing, parties, private events, late-night use and a strong pub identity. Customers already arrive in groups and are primed to take/share photos. | J2: Guest experience + social sharing + incremental revenue. Pitch a Burlington/Rí Rá-branded photo keepsake that becomes part of nights out, game days and parties. | K2: Near the transition between entry/waiting area and main bar, or a high-visibility wall that catches both dinner and late-night traffic. | L2: Confirm floor-space flow during peak nights and whether amusement/vendor agreements already exist. | M2: Anthony Moore | N2: Official Burlington contact | O2: riraburlington@rira.com | P2: 802-860-9401 | Q2: 5 | R2: 5 | S2: 5 | T2: 4.5 | U2: 4.5 | V2: 5 | W2: 5 | X2: High | Y2: Weekday 2–4 PM for manager access; Fri/Sat 8–11 PM to observe real booth traffic potential. | Z2: =HYPERLINK("https://rira.com/burlington/about-rira/","https://rira.com/burlington/about-rira/") -> https://rira.com/burlington/about-rira/ | AA2: =HYPERLINK("https://rira.com/burlington/about-rira/","https://rira.com/burlington/about-rira/") -> https://rira.com/burlington/about-rira/ | AB2: Not Contacted | AC2: Not Visited
A3: =_xludf.RANK.EQ(F3,$F$2:$F$17,0)+COUNTIF($F$2:F3,F3)-1 -> #NAME? | B3: =IF(F3>=95,"A+",IF(F3>=90,"A",IF(F3>=85,"A-",IF(F3>=80,"B+","B")))) -> A+ | C3: ECHO, Leahy Center for Lake Champlain | D3: Burlington Waterfront | E3: Tourist Attraction / Museum | F3: =ROUND((Q3*'Scoring Guide'!$B$4+R3*'Scoring Guide'!$B$5+S3*'Scoring Guide'!$B$6+T3*'Scoring Guide'!$B$7+U3*'Scoring Guide'!$B$8+V3*'Scoring Guide'!$B$9+W3*'Scoring Guide'!$B$10)/5*100,1) -> 95 | G3: 1 College St, Burlington, VT 05401 | H3: One of the strongest family-tourism opportunities in Burlington, with a natural souvenir and social-sharing use case. | I3: Year-round family traffic, tourists, school groups, interactive exhibits, events and a waterfront setting. A branded photo can function as both a keepsake and an extension of the ECHO/Lake Champlain experience. | J3: Memory + souvenir + brand extension. Emphasize custom ECHO/Lake Champlain photo templates and easy social sharing. | K3: Lobby/exit or gift-shop-adjacent area where families naturally pause before leaving. | L3: Museum approval may be more structured than a bar/restaurant. Protect traffic flow and keep the design educational/premium. | M3: Kelsey VonDerLinn | N3: Director of Sales & Guest Services | O3: kvonderlinn@echovermont.org | P3: 802-864-1848 ext. 127 | Q3: 4.5 | R3: 5 | S3: 4.5 | T3: 5 | U3: 4.5 | V3: 5 | W3: 5 | X3: High | Y3: Weekday late morning/early afternoon for management; weekend midday to observe family volume. | Z3: =HYPERLINK("https://www.echovermont.org/about-echo/people/","https://www.echovermont.org/about-echo/people/") -> https://www.echovermont.org/about-echo/people/ | AA3: =HYPERLINK("https://findandgoseek.net/dinosaur-safari-exhibit-member-preview-party-echo","https://findandgoseek.net/dinosaur-safari-exhibit-member-preview-party-echo") -> https://findandgoseek.net/dinosaur-safari-exhibit-member-preview-party-echo | AB3: Not Contacted | AC3: Not Visited
A4: =_xludf.RANK.EQ(F4,$F$2:$F$17,0)+COUNTIF($F$2:F4,F4)-1 -> #NAME? | B4: =IF(F4>=95,"A+",IF(F4>=90,"A",IF(F4>=85,"A-",IF(F4>=80,"B+","B")))) -> A | C4: Burlington Beer Co. | D4: Burlington South End | E4: Brewery / Restaurant | F4: =ROUND((Q4*'Scoring Guide'!$B$4+R4*'Scoring Guide'!$B$5+S4*'Scoring Guide'!$B$6+T4*'Scoring Guide'!$B$7+U4*'Scoring Guide'!$B$8+V4*'Scoring Guide'!$B$9+W4*'Scoring Guide'!$B$10)/5*100,1) -> 94.5 | G4: 180 Flynn Ave, Burlington, VT 05401 | H4: Large, flexible brewpub with groups, families, events and enough physical space to support a permanent booth. | I4: Big open layout, full restaurant and bar, events, reservations and strong visual branding. The venue attracts groups and gives guests reasons to linger beyond a meal. | J4: Create a branded BBCO social-photo moment that adds entertainment without requiring capital or staffing from the venue. | K4: Near event-space circulation or the main taproom transition area, positioned to be visible without disrupting dining. | L4: Confirm peak weekend usage and whether management wants the concept to skew adult, family-friendly, or both. | M4: Joe Lemnah | N4: Founder / Owner | O4: joe@burlingtonbeercompany.com; fallback: sales@burlingtonbeercompany.com | P4: 802-863-2337 | Q4: 4.5 | R4: 4.5 | S4: 5 | T4: 5 | U4: 5 | V4: 5 | W4: 4.5 | X4: Medium-High | Y4: Fri/Sat 5–8 PM to observe traffic; weekday 2–4 PM for an owner/manager conversation. | Z4: =HYPERLINK("https://www.burlingtonbeercompany.com/visit-us","https://www.burlingtonbeercompany.com/visit-us") -> https://www.burlingtonbeercompany.com/visit-us | AA4: =HYPERLINK("https://www.vermontbrewers.com/wp-content/uploads/2024/02/2024-Committees-Contacts.pdf","https://www.vermontbrewers.com/wp-content/uploads/2024/02/2024-Committees-Contacts.pdf") -> https://www.vermontbrewers.com/wp-content/uploads/2024/02/2024-Committees-Contacts.pdf | AB4: Not Contacted | AC4: Not Visited
A5: =_xludf.RANK.EQ(F5,$F$2:$F$17,0)+COUNTIF($F$2:F5,F5)-1 -> #NAME? | B5: =IF(F5>=95,"A+",IF(F5>=90,"A",IF(F5>=85,"A-",IF(F5>=80,"B+","B")))) -> A | C5: The Archives | D5: Downtown Burlington | E5: Arcade Bar / Nightlife | F5: =ROUND((Q5*'Scoring Guide'!$B$4+R5*'Scoring Guide'!$B$5+S5*'Scoring Guide'!$B$6+T5*'Scoring Guide'!$B$7+U5*'Scoring Guide'!$B$8+V5*'Scoring Guide'!$B$9+W5*'Scoring Guide'!$B$10)/5*100,1) -> 94 | G5: 191 College St, Burlington, VT 05401 | H5: Behavioral fit is nearly perfect: the venue already sells interaction, cocktails and shared experiences. | I5: Vintage games turn a normal night out into an activity. Late hours, groups, cocktails and built-in entertainment mean customers are already in the exact mindset that drives photo-booth use. | J5: Position the booth as another interactive attraction, but one that also generates branded social content and incremental revenue. | K5: Near game circulation or a high-traffic wall between the bar and arcade floor. | L5: Most important question is whether an existing amusement/game vendor has exclusivity or whether floor space is already fully monetized. | M5: Michele | N5: Events / Venue Contact | O5: michele@thearchivesbar.com | Q5: 4 | R5: 5 | S5: 5 | T5: 5 | U5: 4.5 | V5: 5 | W5: 5 | X5: High | Y5: Fri/Sat 9 PM–midnight for behavior; weekday around 4 PM for a quieter conversation. | Z5: =HYPERLINK("https://thearchivesbar.com/","https://thearchivesbar.com/") -> https://thearchivesbar.com/ | AA5: =HYPERLINK("https://thearchivesbar.com/","https://thearchivesbar.com/") -> https://thearchivesbar.com/ | AB5: Not Contacted | AC5: Not Visited
A6: =_xludf.RANK.EQ(F6,$F$2:$F$17,0)+COUNTIF($F$2:F6,F6)-1 -> #NAME? | B6: =IF(F6>=95,"A+",IF(F6>=90,"A",IF(F6>=85,"A-",IF(F6>=80,"B+","B")))) -> A | C6: Higher Ground | D6: South Burlington | E6: Music / Entertainment Venue | F6: =ROUND((Q6*'Scoring Guide'!$B$4+R6*'Scoring Guide'!$B$5+S6*'Scoring Guide'!$B$6+T6*'Scoring Guide'!$B$7+U6*'Scoring Guide'!$B$8+V6*'Scoring Guide'!$B$9+W6*'Scoring Guide'!$B$10)/5*100,1) -> 94 | G6: 1214 Williston Rd, South Burlington, VT 05403 | H6: Concert crowds arrive in groups, are highly social and are already purchasing an experience rather than simply food or drink. | I6: Two event spaces, full bars, concerts, dance parties and private events. Photo behavior is naturally high before and after shows, and a booth can become part of the venue ritual. | J6: Fan experience + event-specific branding. Offer rotating templates for major shows, theme nights and Higher Ground branding. | K6: Lobby or bar-adjacent pre-function area before guests enter the main room. | L6: Traffic is event-driven. Confirm security/egress requirements and whether artists/promoters impose branding restrictions. | M6: Alex Crothers | N6: Founder / Owner; route through venue team | O6: info@highergroundmusic.com | P6: 802-652-0777 | Q6: 4.5 | R6: 5 | S6: 4.5 | T6: 5 | U6: 4.5 | V6: 5 | W6: 4.5 | X6: High for contact; Medium for direct routing | Y6: Show night from doors through first set to observe flow; contact venue during business hours first. | Z6: =HYPERLINK("https://highergroundmusic.com/rentals/","https://highergroundmusic.com/rentals/") -> https://highergroundmusic.com/rentals/ | AA6: =HYPERLINK("https://portal.nivassoc.org/directory/Details/higher-ground-1625063?rendermode=print","https://portal.nivassoc.org/directory/Details/higher-ground-1625063?rendermode=print") -> https://portal.nivassoc.org/directory/Details/higher-ground-1625063?rendermode=print | AB6: Not Contacted | AC6: Not Visited
A7: =_xludf.RANK.EQ(F7,$F$2:$F$17,0)+COUNTIF($F$2:F7,F7)-1 -> #NAME? | B7: =IF(F7>=95,"A+",IF(F7>=90,"A",IF(F7>=85,"A-",IF(F7>=80,"B+","B")))) -> A | C7: Foam Brewers - Burlington | D7: Burlington Waterfront | E7: Brewery / Live Music | F7: =ROUND((Q7*'Scoring Guide'!$B$4+R7*'Scoring Guide'!$B$5+S7*'Scoring Guide'!$B$6+T7*'Scoring Guide'!$B$7+U7*'Scoring Guide'!$B$8+V7*'Scoring Guide'!$B$9+W7*'Scoring Guide'!$B$10)/5*100,1) -> 93 | G7: 112 Lake St, Burlington, VT 05401 | H7: Strong waterfront tourism, music and social culture with customers who linger and document the experience. | I7: Lake views, patios, live music, craft-beer tourism and late Friday/Saturday hours create excellent social-photo behavior. The brand is visual and creative enough for a custom booth to feel native. | J7: Brand amplification. Guests leave with Foam-branded strips and shareable content tied to the Burlington waterfront experience. | K7: Indoor wall close to bar flow or a protected area near the patio transition, avoiding seasonal/weather exposure. | L7: Floor space may be tight during music. Outdoor placement would be difficult in winter, so permanent indoor positioning matters. | M7: Dan O'Hara | N7: Foam Brewers staff; marketing/brand contact route | O7: events@foambrewers.com | P7: 802-399-2511 | Q7: 4.5 | R7: 5 | S7: 5 | T7: 5 | U7: 4 | V7: 4.5 | W7: 4 | X7: Medium | Y7: Fri/Sat 7–10 PM or a live-music night; contact before visiting. | Z7: =HYPERLINK("https://www.foambrewers.com/","https://www.foambrewers.com/") -> https://www.foambrewers.com/ | AA7: =HYPERLINK("https://www.foambrewers.com/contact","https://www.foambrewers.com/contact") -> https://www.foambrewers.com/contact | AB7: Not Contacted | AC7: Not Visited
A8: =_xludf.RANK.EQ(F8,$F$2:$F$17,0)+COUNTIF($F$2:F8,F8)-1 -> #NAME? | B8: =IF(F8>=95,"A+",IF(F8>=90,"A",IF(F8>=85,"A-",IF(F8>=80,"B+","B")))) -> A | C8: Black Flannel Brewing & Distilling | D8: Essex | E8: Brewpub / Distillery / Restaurant | F8: =ROUND((Q8*'Scoring Guide'!$B$4+R8*'Scoring Guide'!$B$5+S8*'Scoring Guide'!$B$6+T8*'Scoring Guide'!$B$7+U8*'Scoring Guide'!$B$8+V8*'Scoring Guide'!$B$9+W8*'Scoring Guide'!$B$10)/5*100,1) -> 93 | G8: 21 Essex Way, Essex, VT 05452 | H8: Best Essex hospitality target: high-volume upscale brewpub plus distillery, events and strong experiential branding. | I8: Full restaurant, craft beer, spirits, events and a polished setting. Black Flannel explicitly positions itself around unique experiences, which makes a booth easier to frame as part of the hospitality product. | J8: An experience-driven, custom Black Flannel booth that works for weekend groups, events and visitors to the Essex Experience. | K8: Near the main host/bar transition or event flow where it can be visible without competing with dining tables. | L8: Validate actual peak weekend volume and identify placement that does not reduce revenue-generating dining space. | M8: Neal Johnston | N8: Director of Restaurant Operations / GM | O8: neal@blackflannel.com | P8: 802-857-5629 | Q8: 4 | R8: 4.5 | S8: 5 | T8: 5 | U8: 5 | V8: 5 | W8: 5 | X8: High | Y8: Fri/Sat 6–9 PM to assess traffic; weekday 2–4 PM for GM access. | Z8: =HYPERLINK("https://www.blackflannel.com/our-team/","https://www.blackflannel.com/our-team/") -> https://www.blackflannel.com/our-team/ | AA8: =HYPERLINK("https://www.blackflannel.com/our-team/","https://www.blackflannel.com/our-team/") -> https://www.blackflannel.com/our-team/ | AB8: Not Contacted | AC8: Not Visited
A9: =_xludf.RANK.EQ(F9,$F$2:$F$17,0)+COUNTIF($F$2:F9,F9)-1 -> #NAME? | B9: =IF(F9>=95,"A+",IF(F9>=90,"A",IF(F9>=85,"A-",IF(F9>=80,"B+","B")))) -> A | C9: Waterworks Food + Drink | D9: Winooski | E9: High-Volume Restaurant / Events | F9: =ROUND((Q9*'Scoring Guide'!$B$4+R9*'Scoring Guide'!$B$5+S9*'Scoring Guide'!$B$6+T9*'Scoring Guide'!$B$7+U9*'Scoring Guide'!$B$8+V9*'Scoring Guide'!$B$9+W9*'Scoring Guide'!$B$10)/5*100,1) -> 92.5 | G9: 20 Winooski Falls Way, Winooski, VT 05404 | H9: Large, dramatic restaurant and event space with celebrations, private events, bar traffic and substantial group business. | I9: 20-to-200+ person events, strong design, river views, bar waiting, weddings and celebrations create natural photo moments. This is more than a dining room, it is an experience venue. | J9: Celebrations + event enhancement + everyday restaurant revenue. Position the booth as a permanent amenity that also serves private events. | K9: Near lounge/bar circulation or an event-space transition where both regular diners and private groups see it. | L9: Must protect the upscale aesthetic. Placement and cabinet skin need to look intentionally designed for the room. | M9: Sarah Lallier | N9: General Manager | O9: info@waterworksvt.com; event inquiry also available online | P9: 802-497-3525 | Q9: 4.5 | R9: 4.5 | S9: 5 | T9: 5 | U9: 4 | V9: 5 | W9: 4.5 | X9: High | Y9: Fri/Sat 6:30–9 PM to observe; weekday 2:30–4 PM for management. | Z9: =HYPERLINK("https://www.waterworksvt.com/events","https://www.waterworksvt.com/events") -> https://www.waterworksvt.com/events | AA9: =HYPERLINK("https://downtownwinooski.org/who-we-are/","https://downtownwinooski.org/who-we-are/") -> https://downtownwinooski.org/who-we-are/ | AB9: Not Contacted | AC9: Not Visited
A10: =_xludf.RANK.EQ(F10,$F$2:$F$17,0)+COUNTIF($F$2:F10,F10)-1 -> #NAME? | B10: =IF(F10>=95,"A+",IF(F10>=90,"A",IF(F10>=85,"A-",IF(F10>=80,"B+","B")))) -> A | C10: The Harborvale, Autograph Collection | D10: Downtown Burlington / Waterfront | E10: Hotel / Restaurant / Events | F10: =ROUND((Q10*'Scoring Guide'!$B$4+R10*'Scoring Guide'!$B$5+S10*'Scoring Guide'!$B$6+T10*'Scoring Guide'!$B$7+U10*'Scoring Guide'!$B$8+V10*'Scoring Guide'!$B$9+W10*'Scoring Guide'!$B$10)/5*100,1) -> 92 | G10: 25 Cherry St, Burlington, VT 05401 | H10: New upscale hotel with a social Great Room, lake-oriented brand, restaurant/bar and event business. | I10: Leisure travelers, local bar/restaurant traffic, meetings, weddings and a strong visual identity. A booth can serve more than hotel guests if placed in a social public area. | J10: Premium guest experience and Burlington/Lake Champlain brand-building, with custom strips and social sharing. | K10: Great Room / bar-adjacent area or event pre-function zone with consistent visibility. | L10: Marriott brand standards and hotel approval may slow a decision. The booth must look premium enough for an Autograph Collection property. | M10: Michell Langlais | N10: Vice President of Sales, Westport Hospitality | O10: michell.j.langlais@marriott.com | P10: 802-864-4700 | Q10: 4 | R10: 4.5 | S10: 5 | T10: 5 | U10: 4.5 | V10: 5 | W10: 5 | X10: High | Y10: Late afternoon/early evening to see Great Room and bar activity; appointment strongly preferred. | Z10: =HYPERLINK("https://theharborvale.com/meet","https://theharborvale.com/meet") -> https://theharborvale.com/meet | AA10: =HYPERLINK("https://theharborvale.com/meet","https://theharborvale.com/meet") -> https://theharborvale.com/meet | AB10: Not Contacted | AC10: Not Visited
A11: =_xludf.RANK.EQ(F11,$F$2:$F$17,0)+COUNTIF($F$2:F11,F11)-1 -> #NAME? | B11: =IF(F11>=95,"A+",IF(F11>=90,"A",IF(F11>=85,"A-",IF(F11>=80,"B+","B")))) -> A | C11: Farmhouse Tap & Grill | D11: Downtown Burlington | E11: Restaurant / Beer Garden / Bar | F11: =ROUND((Q11*'Scoring Guide'!$B$4+R11*'Scoring Guide'!$B$5+S11*'Scoring Guide'!$B$6+T11*'Scoring Guide'!$B$7+U11*'Scoring Guide'!$B$8+V11*'Scoring Guide'!$B$9+W11*'Scoring Guide'!$B$10)/5*100,1) -> 91.5 | G11: 160 Bank St, Burlington, VT 05401 | H11: High-volume downtown restaurant with a beer garden, bar spaces and waiting traffic, all helpful booth behaviors. | I11: Strong tourist/local volume, groups, bar traffic, outdoor beer garden and periods when guests wait for tables. The waiting/dwell component is particularly attractive. | J11: Turn wait time and group nights out into a branded entertainment moment while adding incremental revenue. | K11: Waiting/bar zone rather than dining floor; potentially downstairs/parlor depending on actual traffic flow. | L11: Need a site visit to see whether the busiest waiting area has enough footprint. Direct GM email is not publicly listed. | M11: Scott Olmstead | N11: General Manager (third-party current listing) | O11: Use official contact form at burlington.farmhousetg.com/contact-us | P11: 802-859-0888 | Q11: 5 | R11: 4.5 | S11: 5 | T11: 4.5 | U11: 4 | V11: 5 | W11: 3.5 | X11: Medium-High | Y11: Fri/Sat 6–9 PM to observe waitlist/bar traffic; weekday 2–4 PM for management. | Z11: =HYPERLINK("https://burlington.farmhousetg.com/contact-us","https://burlington.farmhousetg.com/contact-us") -> https://burlington.farmhousetg.com/contact-us | AA11: =HYPERLINK("https://www.signalhire.com/profiles/scott-olmstead%27s-email/130662432","https://www.signalhire.com/profiles/scott-olmstead%27s-email/130662432") -> https://www.signalhire.com/profiles/scott-olmstead%27s-email/130662432 | AB11: Not Contacted | AC11: Not Visited
A12: =_xludf.RANK.EQ(F12,$F$2:$F$17,0)+COUNTIF($F$2:F12,F12)-1 -> #NAME? | B12: =IF(F12>=95,"A+",IF(F12>=90,"A",IF(F12>=85,"A-",IF(F12>=80,"B+","B")))) -> A | C12: Hotel Vermont | D12: Downtown Burlington | E12: Boutique Hotel / Bar / Events | F12: =ROUND((Q12*'Scoring Guide'!$B$4+R12*'Scoring Guide'!$B$5+S12*'Scoring Guide'!$B$6+T12*'Scoring Guide'!$B$7+U12*'Scoring Guide'!$B$8+V12*'Scoring Guide'!$B$9+W12*'Scoring Guide'!$B$10)/5*100,1) -> 91.5 | G12: 41 Cherry St, Burlington, VT 05401 | H12: Independent, design-forward hotel whose lobby and Juniper already function as social gathering spaces. | I12: Leisure travelers, locals, live programming, Juniper, events and a strong Vermont brand. The hotel is unusually oriented toward gathering rather than simply lodging. | J12: Premium Vermont-branded keepsake for guests and locals, with event and wedding utility as an added benefit. | K12: Lobby/Juniper transition or event pre-function area, provided the cabinet design matches the hotel aesthetic. | L12: Space/aesthetic sensitivity and no public direct GM email. Avoid making a sophisticated lobby feel like an arcade. | M12: Matt Canning | N12: Vice President & General Manager, Hotel Vermont | O12: stay@hotelvt.com (address message to Matt) | P12: 855-650-0080 | Q12: 4.5 | R12: 4.5 | S12: 5 | T12: 5 | U12: 4.5 | V12: 5 | W12: 3.5 | X12: High | Y12: 4–7 PM to see lobby/Juniper crossover; appointment preferred. | Z12: =HYPERLINK("https://hotelvt.com/gather/","https://hotelvt.com/gather/") -> https://hotelvt.com/gather/ | AA12: =HYPERLINK("https://www.westporthospitality.com/team","https://www.westporthospitality.com/team") -> https://www.westporthospitality.com/team | AB12: Not Contacted | AC12: Not Visited
A13: =_xludf.RANK.EQ(F13,$F$2:$F$17,0)+COUNTIF($F$2:F13,F13)-1 -> #NAME? | B13: =IF(F13>=95,"A+",IF(F13>=90,"A",IF(F13>=85,"A-",IF(F13>=80,"B+","B")))) -> A | C13: The Monkey House | D13: Winooski | E13: Bar / Music Venue / Nightlife | F13: =ROUND((Q13*'Scoring Guide'!$B$4+R13*'Scoring Guide'!$B$5+S13*'Scoring Guide'!$B$6+T13*'Scoring Guide'!$B$7+U13*'Scoring Guide'!$B$8+V13*'Scoring Guide'!$B$9+W13*'Scoring Guide'!$B$10)/5*100,1) -> 90.5 | G13: 30 Main St, Winooski, VT 05404 | H13: Strong nightlife behavior with music, DJs, drag/burlesque, trivia, pizza and 1 AM closing. | I13: Groups arrive for shows and events, the room already supports playful interaction, and customers stay for extended periods. Private events create additional utilization. | J13: Make the booth part of the Monkey House nightlife ritual and provide branded social content from recurring shows and theme nights. | K13: Near bar/entrance transition where it is visible but outside the tightest performance-floor circulation. | L13: Smaller venue than top-ranked targets, so footprint and throughput need to be validated in person. | M13: Ali Nagle | N13: Manager / private-event contact | O13: ali.monkeyhouse@gmail.com | P13: 802-655-4563 | Q13: 4 | R13: 5 | S13: 5 | T13: 4.5 | U13: 3.5 | V13: 5 | W13: 5 | X13: High | Y13: Fri/Sat 9 PM–midnight or during a recurring themed event; email Ali first. | Z13: =HYPERLINK("https://www.monkeyhousevt.com/","https://www.monkeyhousevt.com/") -> https://www.monkeyhousevt.com/ | AA13: =HYPERLINK("https://www.monkeyhousevt.com/faq","https://www.monkeyhousevt.com/faq") -> https://www.monkeyhousevt.com/faq | AB13: Not Contacted | AC13: Not Visited
A14: =_xludf.RANK.EQ(F14,$F$2:$F$17,0)+COUNTIF($F$2:F14,F14)-1 -> #NAME? | B14: =IF(F14>=95,"A+",IF(F14>=90,"A",IF(F14>=85,"A-",IF(F14>=80,"B+","B")))) -> A- | C14: Spirit of Ethan Allen | D14: Burlington Waterfront | E14: Tourist Attraction / Cruise / Events | F14: =ROUND((Q14*'Scoring Guide'!$B$4+R14*'Scoring Guide'!$B$5+S14*'Scoring Guide'!$B$6+T14*'Scoring Guide'!$B$7+U14*'Scoring Guide'!$B$8+V14*'Scoring Guide'!$B$9+W14*'Scoring Guide'!$B$10)/5*100,1) -> 86.5 | G14: Boat: 1 College St; office: 348 Flynn Ave, Burlington, VT 05401 | H14: Excellent tourist-memory concept with cruises, celebrations, DJs, weddings and group events. | I14: Passengers are explicitly buying an experience and Lake Champlain photos are central to it. Birthdays, reunions, proms, weddings and group cruises create very strong photo behavior. | J14: A Burlington/Lake Champlain souvenir photo experience for boarding, special cruises and private events. | K14: Prefer terminal/check-in or protected boarding-area placement rather than taking valuable space aboard the ship. | L14: Seasonality and limited onboard space. Understand weather protection, power, security and whether one location can capture enough departures. | M14: Events / Reservations Team | N14: Group & event inquiries | O14: spirit@soea.com | P14: 802-862-8300 | Q14: 4.5 | R14: 5 | S14: 4.5 | T14: 5 | U14: 2.5 | V14: 2.5 | W14: 4 | X14: High | Y14: A busy weekend boarding period; contact before visiting because operational timing matters. | Z14: =HYPERLINK("https://soea.com/celebrations/","https://soea.com/celebrations/") -> https://soea.com/celebrations/ | AA14: =HYPERLINK("https://soea.com/lets-talk","https://soea.com/lets-talk") -> https://soea.com/lets-talk | AB14: Not Contacted | AC14: Not Visited
A15: =_xludf.RANK.EQ(F15,$F$2:$F$17,0)+COUNTIF($F$2:F15,F15)-1 -> #NAME? | B15: =IF(F15>=95,"A+",IF(F15>=90,"A",IF(F15>=85,"A-",IF(F15>=80,"B+","B")))) -> A- | C15: Church Street Marketplace | D15: Downtown Burlington | E15: Tourism District / Public Space | F15: =ROUND((Q15*'Scoring Guide'!$B$4+R15*'Scoring Guide'!$B$5+S15*'Scoring Guide'!$B$6+T15*'Scoring Guide'!$B$7+U15*'Scoring Guide'!$B$8+V15*'Scoring Guide'!$B$9+W15*'Scoring Guide'!$B$10)/5*100,1) -> 86 | G15: Church Street Marketplace, Burlington, VT 05401 | H15: Enormous pedestrian visibility and social behavior, but operational complexity makes it a strategic rather than easy placement. | I15: Tourists, events and heavy pedestrian traffic make the potential usage obvious. The Marketplace actively manages events, promotion and public-space activation. | J15: Seasonal branded activation or a covered/indoor partnership rather than a conventional outdoor permanent booth. | K15: Covered/indoor common area, seasonal activation, or partnership with a specific Marketplace property. | L15: Municipal approvals, weather, security, power and placement rules. High opportunity but much more friction than a private venue. | M15: Samantha McGinnis | N15: Church Street Marketplace Director | O15: smcginnis@burlingtonvt.gov | P15: 802-863-1648 | Q15: 5 | R15: 5 | S15: 3.5 | T15: 5 | U15: 1.5 | V15: 2.5 | W15: 5 | X15: High | Y15: Scout daytime and a Friday evening, but treat this as a planned meeting rather than a walk-in sales call. | Z15: =HYPERLINK("https://churchstmarketplace.com/marketplace-team","https://churchstmarketplace.com/marketplace-team") -> https://churchstmarketplace.com/marketplace-team | AA15: =HYPERLINK("https://churchstmarketplace.com/marketplace-team","https://churchstmarketplace.com/marketplace-team") -> https://churchstmarketplace.com/marketplace-team | AB15: Not Contacted | AC15: Not Visited
A16: =_xludf.RANK.EQ(F16,$F$2:$F$17,0)+COUNTIF($F$2:F16,F16)-1 -> #NAME? | B16: =IF(F16>=95,"A+",IF(F16>=90,"A",IF(F16>=85,"A-",IF(F16>=80,"B+","B")))) -> B+ | C16: The Double E | D16: Essex | E16: Entertainment / Concerts / Private Events | F16: =ROUND((Q16*'Scoring Guide'!$B$4+R16*'Scoring Guide'!$B$5+S16*'Scoring Guide'!$B$6+T16*'Scoring Guide'!$B$7+U16*'Scoring Guide'!$B$8+V16*'Scoring Guide'!$B$9+W16*'Scoring Guide'!$B$10)/5*100,1) -> 84.5 | G16: 21 Essex Way, Suite 300, Essex, VT 05452 | H16: Multi-space entertainment venue with bar, concerts, outdoor festivals and private parties. | I16: The Lounge can host up to roughly 150 guests and includes bar, kitchen and performance infrastructure. The wider campus adds outdoor events and festival traffic. | J16: Event-enhancement booth that can serve concerts, parties and themed events, with rotating branded templates. | K16: Lounge lobby/entry or shared event circulation area if one location can catch multiple event types. | L16: Event-driven traffic and multiple venue footprints may make a single permanent location less obvious. See guest flow in person. | M16: Venue / Events Team | N16: General venue contact | O16: info@doubleevt.com | P16: 802-878-4200 | Q16: 3.5 | R16: 4.5 | S16: 4.5 | T16: 4.5 | U16: 4 | V16: 4 | W16: 5 | X16: High | Y16: Visit on a concert/private-event night; email first to identify the operational decision-maker. | Z16: =HYPERLINK("https://www.doubleevt.com/the-double-e-lounge","https://www.doubleevt.com/the-double-e-lounge") -> https://www.doubleevt.com/the-double-e-lounge | AA16: =HYPERLINK("https://www.doubleevt.com/","https://www.doubleevt.com/") -> https://www.doubleevt.com/ | AB16: Not Contacted | AC16: Not Visited
A17: =_xludf.RANK.EQ(F17,$F$2:$F$17,0)+COUNTIF($F$2:F17,F17)-1 -> #NAME? | B17: =IF(F17>=95,"A+",IF(F17>=90,"A",IF(F17>=85,"A-",IF(F17>=80,"B+","B")))) -> B+ | C17: Four Quarters Brewing | D17: Winooski | E17: Brewery / Taproom | F17: =ROUND((Q17*'Scoring Guide'!$B$4+R17*'Scoring Guide'!$B$5+S17*'Scoring Guide'!$B$6+T17*'Scoring Guide'!$B$7+U17*'Scoring Guide'!$B$8+V17*'Scoring Guide'!$B$9+W17*'Scoring Guide'!$B$10)/5*100,1) -> 83.5 | G17: 150 West Canal St, Winooski, VT 05404 | H17: Good Winooski taproom opportunity with events and an approachable structure, but lower volume/scale than the top targets. | I17: Craft-beer audience, events and a social taproom atmosphere make the behavior work. Easy to visit while scouting Waterworks and Monkey House. | J17: Low-friction entertainment and social-sharing amenity that reinforces the brewery brand and adds revenue. | K17: Taproom wall or event area with visibility from seating and bar traffic. | L17: Verify enough Friday/Saturday volume and sufficient floor space to justify a high-value machine. | M17: Taproom / Ownership Team | N17: General contact | O17: fourquartersbrewing@gmail.com | P17: 802-391-9120 | Q17: 3.5 | R17: 4 | S17: 4.5 | T17: 4.5 | U17: 4 | V17: 5 | W17: 5 | X17: High | Y17: Fri/Sat 6–9 PM; easy add-on stop during a Winooski scouting loop. | Z17: =HYPERLINK("https://fourquartersbrewing.com/","https://fourquartersbrewing.com/") -> https://fourquartersbrewing.com/ | AA17: =HYPERLINK("https://fourquartersbrewing.com/","https://fourquartersbrewing.com/") -> https://fourquartersbrewing.com/ | AB17: Not Contacted | AC17: Not Visited

Sheet Scoring Guide
A1: Burlington Photo Booth Prospect Scoring Guide
A3: Criterion | B3: Weight | C3: What a 5 Means | D3: Why It Matters
A4: Traffic Potential | B4: 0.25 | C4: High, repeatable guest volume at the relevant dayparts | D4: More transactions and better equipment economics
A5: Social / Photo Behavior | B5: 0.2 | C5: Guests naturally take/share photos and arrive in celebratory groups | D5: Best predictor of booth adoption
A6: Group / Dwell Time | B6: 0.15 | C6: Guests linger, wait, drink, celebrate or attend events | D6: Creates time and social context to use the booth
A7: Brand Fit | B7: 0.15 | C7: Strong identity that can translate into booth skin and photo-strip art | D7: Makes the booth feel like part of the venue
A8: Placement Feasibility | B8: 0.1 | C8: Obvious indoor footprint with power, visibility and minimal operational conflict | D8: Reduces installation friction
A9: Year-Round Strength | B9: 0.05 | C9: Traffic remains meaningful across all seasons | D9: Improves annual utilization
A10: Contactability | B10: 0.1 | C10: Clear decision-maker and direct outreach path | D10: Improves chance of a meeting and faster sales cycle
A12: Score / Tier | B12: Rule | C12: Interpretation | D12: Suggested Action
A13: A+ | B13: 95+ | C13: Exceptional fit | D13: Email immediately and prioritize an appointment
A14: A | B14: 90–94.9 | C14: Very strong fit | D14: Email before visit and scout in person
A15: A- | B15: 85–89.9 | C15: Strong but has a meaningful constraint | D15: Contact if route-efficient; validate constraint onsite
A16: B+ | B16: 80–84.9 | C16: Promising secondary target | D16: Scout if nearby, then decide whether to pursue
A17: B | B17: Below 80 | C17: Lower priority | D17: Keep in backlog unless new information improves the case
